Workbook

Sheet Instructions
A1: ITC327W Project Progress and Contribution Workbook
A3: Use this workbook throughout the semester. Update it after each project phase and submit the same workbook again so that progress can be tracked over time.
A5: Sheet | B5: Purpose | D5: Evidence and Accountability Rules
A6: Project Overview | B6: Enter the group and project details. The dashboard summarises task progress automatically. | D6: 1 | E6: Every student must be assigned meaningful work in Microsoft Project.
A7: Task Progress | B7: Record planned and completed tasks, responsible students, dates, status, percentage completed and evidence. | D7: 2 | E7: Completed work must be supported by evidence such as GitHub activity, meeting records, document sections, screenshots or stakeholder communication.
A8: Individual Contributions | B8: Record the work personally completed by each student. Every entry must have evidence. | D8: 3 | E8: GitHub commits are not the only evidence. Planning, interviewing, documentation, coordination and quality review also count.
A9: Stakeholder Engagement | B9: Record meetings, calls and emails with the stakeholder and the main outcomes. | D9: 4 | E9: Do not record work as completed by a student when it was completed by someone else.
A10: Challenges & Actions | B10: Record project challenges, their effect and the corrective action taken. | D10: 5 | E10: Do not place passwords, API keys, identity numbers, private contact details or confidential records in this workbook or on GitHub.
A11: Phase Summary | B11: Provide a short summary of the phase, including achievements, outstanding work and participation concerns. | D11: 6 | E11: The confidential individual peer evaluation must be completed separately on Blackboard.
A12: Group Reflection | B12: Complete one shared reflection after each phase. Be honest and specific.
D13: Recommended Update Points
D14: Unit 1 / Phase 1 | E14: Planning, stakeholder engagement, requirements and initial SRS
D15: Phase 2 | E15: Architecture, UML, ERD and interface design
D16: Phase 3 | E16: Development, integration, testing and demonstration
D17: Final | E17: Overall project summary and final reflection

Sheet Project Overview
A1: Project Overview and Progress Dashboard
A3: Project Information | B3: Group Response | F3: Task Status | G3: Count
A4: Group name or number | B4: Group U | F4: Completed | G4: =COUNTIF('Task Progress'!H2:H100,"Completed") -> 11
A5: Project title | B5: Sebenza Clocking System | F5: In Progress | G5: =COUNTIF('Task Progress'!H2:H100,"In Progress") -> 0
A6: Stakeholder or organisation | B6: Umzamo Analytical Services | F6: Not Started | G6: =COUNTIF('Task Progress'!H2:H100,"Not Started") -> 0
A7: Group mentor | B7: - | F7: Delayed | G7: =COUNTIF('Task Progress'!H2:H100,"Delayed") -> 0
A8: Reporting phase | B8: Unit 1 / Phase 1 | F8: Blocked | G8: =COUNTIF('Task Progress'!H2:H100,"Blocked") -> 0
A9: Reporting period | B9: 18 August 2026 - 4 September 2026 | F9: Overdue | G9: =COUNTIF('Task Progress'!M2:M100,"Overdue") -> 0
A10: Overall status | B10: In Progress
A11: Overall % complete | B11: {=IFERROR(SUM('Task Progress'!I2:I100)/B13COUNTIF('Task Progress'!D2:D100,"<>")/100,1)} -> 1 | F11: Contribution Summary | G11: Count
A12: Main achievement | B12: Ensuring that stakeholders requirements were properly discussed, recorded and considered in the project planning | F12: Contribution entries | G12: =COUNTIF('Individual Contributions'!E3:E201,"?*") -> 10
A13: Main challenge | B13: It was difficult to find a suitable time when all group members were available at the same time, which affected coordiination and meeting arrangements | F13: Verified entries | G13: =COUNTIFS('Individual Contributions'!E3:E201,"?*",'Individual Contributions'!J3:J201,"Yes") -> 10
A14: Next planned activity | B14: Updating the project schedule , compile and organise Evidence and finalise SRS. | F14: Unverified entries | G14: =COUNTIFS('Individual Contributions'!E3:E201,"?*",'Individual Contributions'!J3:J201,"No") -> 0
F15: Stakeholder engagements | G15: =COUNT('Stakeholder Engagement'!A3:A101) -> 0

Sheet Task Progress
A1: Task Progress Tracker
A2: Task ID | B2: Reporting Phase | C2: Activity | D2: Task Description | E2: Assigned Student | F2: Start Date | G2: Due Date | H2: Status | I2: % Complete | J2: Evidence / Link | K2: Verified by Group | L2: Lecturer Comment | M2: Progress Flag
A3: U1-01 | B3: Unit 1 / Phase 1 | C3: Activity 1.1 | D3: Identify and confirm the external stakeholder | E3: Nkosinathi | F3: 46252 | G3: 46253 | H3: Completed | I3: 100 | J3: Stakeholder meeting confirmation | K3: Yes | M3: =IF(D3="","",IF(H3="Completed","Completed",IF(H3="Blocked","Blocked",IF(H3="Delayed","Delayed",IF(AND(G3<>"",G3<TODAY(),H3<>"Completed"),"Overdue","On Track"))))) -> Completed
A4: U1-02 | B4: Unit 1 / Phase 1 | C4: Activity 1.1 | D4: Document the current process and problem | E4: lerato | F4: 46255 | G4: 46257 | H4: Completed | I4: 100 | J4: Current process and problem analysis | K4: Yes | M4: =IF(D4="","",IF(H4="Completed","Completed",IF(H4="Blocked","Blocked",IF(H4="Delayed","Delayed",IF(AND(G4<>"",G4<TODAY(),H4<>"Completed"),"Overdue","On Track"))))) -> Completed
A5: U1-03 | B5: Unit 1 / Phase 1 | C5: Activity 1.1 | D5: Define the project aim, objectives and scope | E5: Takalani | F5: 46258 | G5: 46259 | H5: Completed | I5: 100 | J5: Project aim, objectives and scope anaysis | K5: Yes | M5: =IF(D5="","",IF(H5="Completed","Completed",IF(H5="Blocked","Blocked",IF(H5="Delayed","Delayed",IF(AND(G5<>"",G5<TODAY(),H5<>"Completed"),"Overdue","On Track"))))) -> Completed
A6: U1-04 | B6: Unit 1 / Phase 1 | C6: Activity 1.2 | D6: Prepare stakeholder interview questions | E6: Thapelo | F6: 46250 | G6: 46251 | H6: Completed | I6: 100 | J6: Interview Questions document | K6: Yes | M6: =IF(D6="","",IF(H6="Completed","Completed",IF(H6="Blocked","Blocked",IF(H6="Delayed","Delayed",IF(AND(G6<>"",G6<TODAY(),H6<>"Completed"),"Overdue","On Track"))))) -> Completed
A7: U1-05 | B7: Unit 1 / Phase 1 | C7: Activity 1.2 | D7: Conduct and document the stakeholder interview | E7: Pedro | F7: 46252 | G7: 46254 | H7: Completed | I7: 100 | J7: Interview minutes | K7: Yes | M7: =IF(D7="","",IF(H7="Completed","Completed",IF(H7="Blocked","Blocked",IF(H7="Delayed","Delayed",IF(AND(G7<>"",G7<TODAY(),H7<>"Completed"),"Overdue","On Track"))))) -> Completed
A8: U1-06 | B8: Unit 1 / Phase 1 | C8: Activity 1.3 | D8: Compile the initial SRS | E8: Nkosinathi & Tshepiso | F8: 46259 | G8: 46264 | H8: Completed | I8: 100 | J8: initial SRS document | K8: Yes | M8: =IF(D8="","",IF(H8="Completed","Completed",IF(H8="Blocked","Blocked",IF(H8="Delayed","Delayed",IF(AND(G8<>"",G8<TODAY(),H8<>"Completed"),"Overdue","On Track"))))) -> Completed
A9: U1-07 | B9: Unit 1 / Phase 1 | C9: Activity 1.3 | D9: Create the initial Microsoft Project schedule | E9: Selloane | F9: 46253 | G9: 46264 | H9: Completed | I9: 100 | J9: Microsoft project schedule | K9: Yes | M9: =IF(D9="","",IF(H9="Completed","Completed",IF(H9="Blocked","Blocked",IF(H9="Delayed","Delayed",IF(AND(G9<>"",G9<TODAY(),H9<>"Completed"),"Overdue","On Track"))))) -> Completed
A10: U1-08 | B10: Unit 1 / Phase 1 | C10: Activity 1.3 | D10: Create and configure the GitHub repository | E10: kwanele | F10: 46258 | G10: 46258 | H10: Completed | I10: 100 | J10: Github link | K10: Yes | M10: =IF(D10="","",IF(H10="Completed","Completed",IF(H10="Blocked","Blocked",IF(H10="Delayed","Delayed",IF(AND(G10<>"",G10<TODAY(),H10<>"Completed"),"Overdue","On Track"))))) -> Completed
A11: U1-09 | B11: Unit 1 / Phase 1 | C11: Activity 1.3 | D11: Create the initial Supabase project | E11: kwanele | F11: 46259 | G11: 46259 | H11: Completed | I11: 100 | J11: Supabase setup screenshot | K11: Yes | M11: =IF(D11="","",IF(H11="Completed","Completed",IF(H11="Blocked","Blocked",IF(H11="Delayed","Delayed",IF(AND(G11<>"",G11<TODAY(),H11<>"Completed"),"Overdue","On Track"))))) -> Completed
A12: U1-10 | B12: Unit 1 / Phase 1 | C12: Activity 1.3 | D12: Complete the progress report and contribution record | E12: Paki & Tshepiso | F12: 46252 | G12: 46264 | H12: Completed | I12: 100 | J12: progress tracker and contribution sheet | K12: Yes | M12: =IF(D12="","",IF(H12="Completed","Completed",IF(H12="Blocked","Blocked",IF(H12="Delayed","Delayed",IF(AND(G12<>"",G12<TODAY(),H12<>"Completed"),"Overdue","On Track"))))) -> Completed
A13: U1-11 | B13: Unit 1 / Phase 1 | C13: Activity 1.3 | D13: Complete the Unit 1 group reflection | E13: Tshegofatso | F13: 46263 | G13: 46264 | H13: Completed | I13: 100 | J13: Unit 1 group reflection | K13: Yes | M13: =IF(D13="","",IF(H13="Completed","Completed",IF(H13="Blocked","Blocked",IF(H13="Delayed","Delayed",IF(AND(G13<>"",G13<TODAY(),H13<>"Completed"),"Overdue","On Track"))))) -> Completed
M14: =IF(D14="","",IF(H14="Completed","Completed",IF(H14="Blocked","Blocked",IF(H14="Delayed","Delayed",IF(AND(G14<>"",G14<TODAY(),H14<>"Completed"),"Overdue","On Track")))))
M15: =IF(D15="","",IF(H15="Completed","Completed",IF(H15="Blocked","Blocked",IF(H15="Delayed","Delayed",IF(AND(G15<>"",G15<TODAY(),H15<>"Completed"),"Overdue","On Track")))))
M16: =IF(D16="","",IF(H16="Completed","Completed",IF(H16="Blocked","Blocked",IF(H16="Delayed","Delayed",IF(AND(G16<>"",G16<TODAY(),H16<>"Completed"),"Overdue","On Track")))))
M17: =IF(D17="","",IF(H17="Completed","Completed",IF(H17="Blocked","Blocked",IF(H17="Delayed","Delayed",IF(AND(G17<>"",G17<TODAY(),H17<>"Completed"),"Overdue","On Track")))))
M18: =IF(D18="","",IF(H18="Completed","Completed",IF(H18="Blocked","Blocked",IF(H18="Delayed","Delayed",IF(AND(G18<>"",G18<TODAY(),H18<>"Completed"),"Overdue","On Track")))))
M19: =IF(D19="","",IF(H19="Completed","Completed",IF(H19="Blocked","Blocked",IF(H19="Delayed","Delayed",IF(AND(G19<>"",G19<TODAY(),H19<>"Completed"),"Overdue","On Track")))))
M20: =IF(D20="","",IF(H20="Completed","Completed",IF(H20="Blocked","Blocked",IF(H20="Delayed","Delayed",IF(AND(G20<>"",G20<TODAY(),H20<>"Completed"),"Overdue","On Track")))))
M21: =IF(D21="","",IF(H21="Completed","Completed",IF(H21="Blocked","Blocked",IF(H21="Delayed","Delayed",IF(AND(G21<>"",G21<TODAY(),H21<>"Completed"),"Overdue","On Track")))))
M22: =IF(D22="","",IF(H22="Completed","Completed",IF(H22="Blocked","Blocked",IF(H22="Delayed","Delayed",IF(AND(G22<>"",G22<TODAY(),H22<>"Completed"),"Overdue","On Track")))))
M23: =IF(D23="","",IF(H23="Completed","Completed",IF(H23="Blocked","Blocked",IF(H23="Delayed","Delayed",IF(AND(G23<>"",G23<TODAY(),H23<>"Completed"),"Overdue","On Track")))))
M24: =IF(D24="","",IF(H24="Completed","Completed",IF(H24="Blocked","Blocked",IF(H24="Delayed","Delayed",IF(AND(G24<>"",G24<TODAY(),H24<>"Completed"),"Overdue","On Track")))))
M25: =IF(D25="","",IF(H25="Completed","Completed",IF(H25="Blocked","Blocked",IF(H25="Delayed","Delayed",IF(AND(G25<>"",G25<TODAY(),H25<>"Completed"),"Overdue","On Track")))))
... M100: =IF(D100="","",IF(H100="Completed","Completed",IF(H100="Blocked","Blocked",IF(H100="Delayed","Delayed",IF(AND(G100<>"",G100<TODAY(),H100<>"Completed"),"Overdue","On Track")))))

Sheet Individual Contributions
A1: Individual Contribution Record
A2: Student Name | B2: Student Number | C2: Reporting Phase | D2: Activity | E2: Assigned Responsibility | F2: Work Personally Completed | G2: Date Completed | H2: Hours Spent | I2: Evidence / Link | J2: Verified by Group | K2: Verification Date | L2: Notes
A3: Tshegofatso | B3: 221008431 | C3: Unit 1 / Phase 1 | D3: 1.3 | E3: Note - Taker during meeting & Reflection support | F3: Recorded the processes followed by the group, took notes during meetings, and documented important decisions and discussions and kept track of activities. Assited with initial documentation, led group reflection, and Proof read initial SRS and phase summary | G3: 46264 | H3: 13 days | I3: progress documentation and meeting notes. | J3: Yes | K3: 46264
A4: Lerato | B4: 221019628 | C4: Unit 1 / Phase 1 | D4: 1.1 | E4: TimeKeeper during meeting and Process Documentation Support | F4: documented the current process and problem identfied during Activity 1,1 | G4: 46257 | H4: 2 days | I4: current process and problem analysis. | J4: Yes | K4: 46264
A5: Nkosinathi | B5: 222001265 | C5: Unit 1 / Phase 1 | D5: 1.1, 1.2, 1.3 | E5: Meeting facilitator and SRS Lead | F5: Contacted and communicated with the stakeholder, facilitated stakeholder engagement, and led the initial SRS using the requirements gathered during unit 1 | G5: 46264 | H5: 6 days | I5: Stakeholder coommunication records and initial SRS sections | J5: Yes | K5: 46264
A6: Selloane | B6: 221003714 | C6: Unit 1 / Phase 1 | D6: 1.1 and 1.2 | E6: Requirements Checker during meeting and Project Scheduling Support | F6: Completed assigned Activity 1,1 work and supported the group with project planning and documentation during preparation of the unit 1 submission | G6: 46264 | H6: 11 days | I6: Requirements review and Microsoft Project schedule | J6: Yes | K6: 46264
A7: kwanele | B7: 221049921 | C7: Unit 1 / Phase 1 | D7: 1.1 and 1.3 | E7: Technical Setup Support | F7: Created and configured the Github repository and created the initial Supabase project for the group, drafted feasability and risk register | G7: 46259 | H7: 1 day | I7: GitHub repository and Supabase setup evidence | J7: Yes | K7: 46264
A8: Thapelo | B8: 222010648 | C8: Unit 1 / Phase 1 | D8: 1.1 and 1,2 | E8: Stakeholder interview Question Lead | F8: Prepare the stakeholder interview questions used to gather the requirements durimg Activity 1.2 | G8: 46251 | H8: 1 day | I8: Stakeholder interview questions document | J8: Yes | K8: 46264
A9: Paki | B9: 221014841 | C9: Unit 1 / Phase 1 | D9: 1.1 and 1.2 | E9: Progress Report and Contribution Record Lead | F9: Compiled and updated the unit 1 progrss report and contribution record, working alongside Tshepiso to ensure member activities were captured | G9: 46264 | H9: 12 days | I9: Progress tracker and individual record | J9: Yes | K9: 46264
A10: Tshepiso | B10: 223043312 | C10: Unit 1 / Phase 1 | D10: 1.2 and 1.3 | E10: interview Documentation and SRS Support | F10: assisted with the initial SRS, process documentation and the unit progress documentation | G10: 46264 | H10: 12 days | I10: intial SRS and progress documentation | J10: Yes | K10: 46264
A11: Pedro | B11: 222078169 | C11: Unit 1 / Phase 1 | D11: 1.2 | E11: Stakeholder interview Lead | F11: Conduct and Document the stakeholder interview and captured the key information required for the project | G11: 46254 | H11: 4 hours | I11: Stakeholder Answrs included in SRS | J11: Yes | K11: 46264
A12: Takalani | B12: 221014651 | C12: Unit 1 / Phase 1 | D12: 1.1 | E12: Project aim, objectives and Scope lead | F12: Defined the project aim, objectives and scope for the Sebenza Clocking System based on the identified stakeholder problem | G12: 46259 | H12: 1 day | I12: Project aim , objectives and scope analysis | J12: Yes | K12: 46264

Sheet Stakeholder Engagement
A1: Stakeholder Engagement Record
A2: Date | B2: Reporting Phase | C2: Type of Engagement | D2: Purpose | E2: Students Present | F2: Stakeholder Present / Role | G2: Main Findings | H2: Action Required | I2: Evidence / Link
A3: 2026/18/21 | B3: Unit 1 / Phase 1 | C3: Telephone Call | D3: to identifiy the problems being faced by stakeholder and what can be done to fix that problem. Confirm their requirements. | E3: All | F3: HR | G3: The Stakeholder explained that they are currently using a manual way to take attendence. He also explained the issue with this method which was that workers can record an earlier arrival time than their actual time creating a risk of payment for hours not worked | H3: Stakeholders need us to create a more reliable and verifiable clock in process . A system that will improve the reliability of attendance records | I3: questionnair proof in SRS

Sheet Challenges & Actions
A1: Challenges and Corrective Actions
A2: Date Identified | B2: Reporting Phase | C2: Challenge | D2: Effect on Progress | E2: Corrective Action | F2: Responsible Student | G2: Target Date | H2: Status
A3: 46252 | B3: Unit 1 / Phase 1 | C3: Finding a suitable stakeholder and arranging access to the stakeholder | D3: The group had to wait until the stake holder was available before ut coukd confirm the way forward | E3: chose a sakeholder willing to be interviewed even if their time was limited . | F3: all | G3: 46252 | H3: Resolved
A4: 46254 | B4: Unit 1 / Phase 1 | C4: Working around the stakeholder's availability while also making sure the required group members could attend | D4: The group could not rush the stakeholder and had to use the available meeting time. This caused a later start than originally intended and increased time pressure | E4: Members who completed their own tasks supported members who still had outstanding work so that the group could continue progressing | F4: all | G4: 46264 | H4: Resolved

Sheet Phase Summary
A1: Phase Progress Summary
A3: Summary Information | B3: Group Response | D3: Phase Completion Checklist
A4: Reporting phase | B4: Unit 1 / Phase 1 | D4: Initial or updated SRS completed | E4: Yes
A5: Reporting period | D5: Progress report updated | E5: Yes
A6: Overall phase status | B6: In Progress | D6: Individual contributions recorded | E6: Yes
A7: What was completed during this phase? | B7: We managed to Agree on which stakeholder to interview, identified the stakeholder's manual clocking system problem, we gathered preliminary requirements, prepared the initial SRS content, created the Microsoft Project Schedule , set up GitHub and Supabase and updated the progress and contribution records | D7: Stakeholder engagement recorded | E7: Yes
A8: What remains incomplete? | B8: The initial SRS and supportong evidence still require fnal consolidation and verification before the phase is fully complete | D8: Challenges and actions updated | E8: Yes
A9: Why is it incomplete? | B9: Documentation is still being checked aganinst the stakeholders findings and supporting evidence needs to be organised | D9: Group reflection completed | E9: Yes
A10: Which contributions were particularly important? | B10: Esuring that we get the requirements from the stakeholder because they gave us a clear understanding of the problem we were to fix | D10: Microsoft Project updated | E10: Yes
A11: Were there participation concerns? | B11: There were communication difficulties because one member did not initially have a reliable way to communicate with the group , another goup member who was nearby was able to share important information and communicate the tasks allocated to the that member | D11: GitHub evidence available | E11: Yes
A12: What will the group improve in the next phase? | B12: Use earlier internal deadlines, communicate task progress more consistently, collect evidence when tasks are completed and update the workbook continously | D12: Confidential peer check completed | E12: Yes
A13: Main priority for the next phase | B13: keeping the Microsoft Project Schedule up to date , making sure evidence for each contribution is available and to continue developing the system around the attendance verification problem and ensuring we set realistic timelines.

Sheet Group Reflection
A1: Group Reflection
A3: Reflection Information | B3: Group Response | D3: Reflection Guidance
A4: Reporting phase | B4: Unit 1 / Phase 1 | D4: Length | E4: Approximately 300–400 words in total.
A5: Project title | B5: Sebenza Clocking System | D5: Focus | E5: Discuss the group’s actual experience, not the activity instructions.
A6: Most important learning from this phase | B6: The most important thing we learnt in this phase was that the system must be based on a real stakeholder problem,the stskeholder currently relies on manual employee clocking, which makes makes time difficult to verify.A worker could record an earlier arrival time than the time they actually arrived , which can result in payment for hours not worked . This showed the gorup why accurate requirements and stakeholder confirmation are important | D6: Honesty | E6: Identifying a genuine challenge will not disadvantage the group when an improvement action is provided.
A7: What went well and why? | B7: Stakeholder engagement, task allocation and the initial project seup went well. The group identified the main problem , gathered information from the stakeholder, divided responsibilities and started he SRS, Microsoft Progect chedule , GitHub repository and Supabase setup | D7: Evidence | E7: Ensure that claims about participation agree with the contribution record, Microsoft Project and GitHub.
A8: What was difficult and why? | B8: The main dffculty was coordinating work around he stakeholders availability and ensuring that information completed by one member was available to the others. The group also had to manage the different workbook records so that the task and contributions remained aligned | D8: Research use | E8: Student work may only be used for research after the required ethical approval and consent processes.
A9: How were tasks divided among members? | B9: Tasks were divided according to unit 1 activities and individual responsibilities. Nkosinathi led the stakeholder engagement and SRS work , Lerato documented the current ptocess, Takalani handled the project aim , objectives and scope , Thapelo prepared interview questions, Pedro conducted the stakeholder interview, Selloane handled project scheduling, Kwanele handled Github and Supabase setup, Tshepiso supported interview documntation and srs work , Paki supported the progress and contribution records and Tshegofatso supported note taking and the group reflection
A10: Did all members contribute fairly? Explain. | B10: The Group worked towards distributing meaningful responsibilities across all members. Each member was gven a defined responsibility and memebers supported one another when someone needed assitance. The contribution record reflects these responsibilities
A11: How did the group handle disagreements or delays? | B11: Delays were handled by communicating with affected members, clarifying what still needed to be done and providing support where becessary. When the stake holders availability affected the schedule th group used the availabile time and contnued preparing other work
A12: What did the group learn from the stakeholder? | B12: The group learned that the main issue is not simply recording attence digitally , th system must improve the reliability and verifiability of the clock n information. The stake holder current manual process can allow inaccurate arrival times to be recorded, which ca affect records and payment
A13: Improvement action 1 for the next phase | B13: Start tasks as soon as they are assgned and set earlier internal deadlines so that work is not rushed close to submission date
A14: Improvement action 2 for the next phase | B14: Update the progress tracker and organise evidence immediately after tasks are completed, while keepng the responsibilities and records consistent information across the entire workbook
A15: Priority for the next phase | B15: For the next phase the priority is to follow the project schedule , keep the progress records up to date and maintaing clear evidence for each completed task
